long,time
spend,time
short,time
waste,time
take,time
spare,time
give,time
present,time
working,time
past,year
coming,year
full,year
start,year
take,year
spent,year
ordinary,people
working,people
elderly,people
disabled,people
long,way
go,way
find,way
get,way
make (someone's N),way
come,way
easy,way
separate,ways
find,ways
alternative,ways
explore,ways
develop,ways
subtle,ways
big,man
tall,man
small,man
dark,man
all (N long),day
present,day
spent,day
final,day
full,day
working,day
whole,day
start,day
(have a) nice,day
early,days
past (few/number N),days
old,days
spent,days
working,days
take,days
whole,thing
(do the) right,thing
real,thing
(do the) wrong,thing
only,child
expecting,child
coalition,government
interim,government
elected,government
take (N),part
play (the/a),part
integral,part
large,part
major,part
essential,part
small,part
vital,part
form,part
significant,part
full,part
spare,parts
component,parts
constituent,parts
played,parts
separate,parts
real,life
family,life
everyday,life
whole,life
private,life
normal,life
live,life
saved,life
personal,life
public,life
early,life
spent,life
daily,life
lead,life
save,lives
past,lives
live,lives
lost,lives
private,lives
claimed (a number of),lives
risk,lives
lead,lives
cost,lives
daily,lives
spend,lives
everyday,lives
separate,lives
ordinary,lives
normal,lives
court,case
present,case
particular,case
(a N) adjourned,case
prosecution,case
made,case
put,case
take,case
clear,case
strong,case
extreme,case
severe,cases
court,cases
extreme,cases
serious,cases
criminal,cases
injury,cases
beautiful,woman
attractive,woman
pretty,woman
tall,woman
(good) looking,woman
hard,work
do,work
started,work
voluntary,work
charity,work
carried (out),work
find,work
paid,work
major,work
community,work
welfare,system
small,group
ethnic (minority N),group
largest,group
formed,group
minority,group
leading,group
single,group
research,group
large,number
small,number
increasing,number
growing,number
limited,number
total,number
increased,number
significant,number
greater,number
reduce,number
considerable,number
substantial,number
high,number
real,world
whole,world
modern,world
developing,world
particular,area
play,area
surrounding,area
residential,area
wide,area
central,area
major,area
(in) due,course
training,course
main,course
designed,course
first,course
take,course
completed,course
ordinary,course
followed,course
full,course
start,course
owned,company
solve,problem
real,problem
major,problem
serious,problem
big,problem
particular,problem
lies,problem
tackle,problem
overcome,problem
common,problem
faced,problem
arises,problem
cause,problem
resolve,problem
sort (out),problem
address,problem
free,service
telephone,service
provide,service
memorial,service
intelligence,service
advisory,service
delivery,service
full,service
postal,service
security,service
regular,service
held,hand
took,hand
shook,hand
wash,hand
raised,hand
waved,hand
lifted,hand
helping,hand
stretched out (his/herâ€¦+N),hand
extended,hand
strong,hand
shook,hands
holding,hands
clasped,hands
wash,hands
raised,hands
rubbed,hands
folded,hands
ruling,party
opposition,party
led,party
left,school
medical,school
went,school
whole,school
take,place
wrong,place
(final) resting N,place
safe,place
right,place
put,place
secure,place
made,point
reached,point
whole,point
prove,point
raised,point
detached,house
family,house
moved +N,house
whole,country
leave,country
foreign,country
past,week
spent,week
previous,week
whole,week
coming,week
family,member
former,member
senior,member
leading,member
active,member
elected,member
union,member
full,member
west,end
east,end
came,end
put,end
far,end
brought (to an N),end
reached,end
bottom,end
loose,ends
achieve,ends
opposite,ends
use,word
say,word
spread,word
key,word
final,word
set,example
give,example
classic,example
perfect,example
take (the),example
typical,example
prime,example
follow,example
provides,example
simple,example
obvious,example
recent,example
extreme,example
striking,example
outstanding,example
notable,example
specific,example
whole,family
extended,family
close,family
entire,family
large,family
nuclear,family
big,family
(lone/one/ single) parent,families
one-parent,families
lone,families
single-parent,families
low-income,families
actual,fact
simple,fact
N + remains,fact
mere,fact
face,fact
relevant,facts
stated,facts
known,facts
hard,facts
basic,facts
true,facts
face,facts
full,facts
mental,state
declared,state
announced,state
come,home
family,home
stay,home
return,home
left,home
ideal,home
get,home
made,home
feel,home
matrimonial,home
past,month
spent,month
(left-right) hand,side
wrong,side
dark,side
opposite,sides
N + agreed,sides
take,sides
spent,night
stay,night
opening,night
dark,night
early,night
sleepless,nights
spent,nights
keep,eye
public,eye
watchful,eye
naked,eye
cast,eye
look (in the N),eye
twinkle,eye
critical,eye
wide,eyes
fixed,eyes
bright,eyes
rolled,eyes
turned,eyes
filled (with),eyes
pale,eyes
narrowed,eyes
raised,eyes
held,eyes
shook,head
turned,head
bowed,head
raised,head
bent,head
lifted,head
held (N high),head
jerked,head
lowered,head
nodded,head
clear,head
pulled (N back),head
threw (back),head
tilted,head
further,information
provide,information
detailed,information
additional,information
relevant,information
obtained,information
confidential,information
exchange,information
collected,information
supplied,information
contain,information
background,information
valuable,information
gathering,information
answer,question
ask,question
simple,question
raised,question
N + remains,question
whole,question
posed,question
real,question
address,question
begs,question
crucial,question
central,question
relevant,question
fundamental,question
small,business
doing,business
whole,business
family,business
running,business
serious,business
private,business
conduct,business
successful,business
use,power
labour,power
real,power
seized,power
exercise,power
increase,power
vested,power
full,power
held,power
spend,money
save,money
get,money
make,money
raise,money
waste,money
earn,money
give,money
(pay) good,money
significant,change
radical,change
major,change
global,change
make,change
dramatic,change
fundamental,change
rapid,change
sudden,change
real,change
subject to,change
N + occurred,change
make,changes
major,changes
proposed,changes
dramatic,changes
occur,changes
radical,changes
significant,changes
sweeping,changes
necessary,changes
introduced,changes
minor,changes
rapid,changes
public,interest
special,interest
lower,interest
high,interest
mortgage,interest
real,interest
fixed,interest
particular,interest
shown,interest
take (an N in),interest
expressed,interest
vested,interest
common,interest
strong,interest
(in the) best,interests
protect,interests
outside,interests
vested,interests
varied,interests
serve,interests
pursue,interests
defend,interests
make,order
keep,order
maintain,order
standing,order
restore,order
pecking,order
rigid,order
working,order
good,order
put,order
established,order
take,order
latest,book
illustrated,book
reference,book
child,development
sustainable,development
curriculum,development
career,development
further,development
rapid,development
double,room
single,room
leave,room
main,room
tv,room
fresh,water
deep,water
running,water
clean,water
salt,water
still,water
shallow,water
application,form
order,form
booking,form
complete (verb),form
claim,form
fill,form
registration,form
take,form
(in) good,form
park (verb),car
hire,car
drive,car
police,car
racing,car
crashed,car
high,level
low,level
top,level
reached,level
intermediate,level
current,level
water,level
achieved,level
foreign,policy
monetary,policy
common,policy
made,policy
adopted,policy
direct,line
railway,line
draw (verb),line
straight,line
crossed,line
fine,line
take,line
dividing,line
urgent,need
feel,need
desperate,need
meet,need
stressed,need
N + arises,need
meet (verb),needs
individual,needs
suit (verb),needs
satisfy,needs
strong,needs
have,effect
cause+ N,effect
take,effect
knock-on,effect
direct,effect
immediate,effect
dramatic,effect
desired,effect
beneficial,effect
profound,effect
devastating,effect
opposite,effect
overall,effect
adverse,effect
detrimental,effect
long-term,effects
harmful,effects
adverse,effects
direct,effects
beneficial,effects
damaging,effects
profound,effects
drug,use
make,use
good (make good/full N of),use
widespread,use
full,use
extensive,use
common,uses
whole,idea
give (an),idea
get,idea
rejected,idea
original,idea
faintest,idea
simple,idea
wrong,idea
put (forward/aside the + N),idea
form,idea
developed,idea
exchange,ideas
original,ideas
fresh,ideas
bright,ideas
present + N,study
N + found,study
recent,study
pilot,study
showed,study
carried,study
conducted,study
research,study
major,study
reported,study
undertaken,study
designed,study
significant,study
awful,lot
whole,lot
do,job
good,job
get,job
part-time,job
lost,job
find,job
quit,job
full-time,job
finish,job
leave,job
proper,job
create,jobs
lost,jobs
temporary,jobs
do,jobs
odd,jobs
save,jobs
shed (number),jobs
secure,jobs
permanent,jobs
unskilled,jobs
full-time,jobs
real,name
given,name
put,name
full,name
proper,name
second,name
last,name
give,names
call (someone's N),names
direct,result
final,result
net,result
achieve,result
inevitable,result
produce,result
overall,result
further,result
poor,result
significant,result
desire,result
upper,body
dead,body
N + lay,body
naked,body
lower,body
best,friend
close,friend
old,friend
family,friend
made N in,friend
family,friends
close,friends
old,friends
make,friends
became,friends
real,friends
vote + N,right
pension,rights
full,rights
minority,rights
given (give + N),authority
exercise + N or someone's + N,authority
legitimate,authority
take (the + N),view
shared,view
full,view
expressed,view
support,view
give,view
clear,view
held,view
(give) a true (and fair),view
accept,view
full,report
final,report
N+ released,report
issue,report
wee (scottish),bit
pale,face
slap + (someone's) + N,face
pretty,face
turned,face
round,face
flushed,face
beautiful,face
smiling,face
handsome,face
free,market
housing,market
major,market
spent,hour
took,hour
late,hour
early,hour
N + passed,hour
finest,hour
spent,hours
early (N of the morning),hours
working,hours
long,hours
took,hours
permitted,hours
small,hours
normal,hours
daylight,hours
school,hours
put in,hours
late,hours
flying,hours
fixed,rate
inflation,rate
low,rate
beaking,law
passed,law
enforce,law
knock,door
slammed,door
N + swung (open),door
pushed,door
pulled,door
flung (open) N,door
told (the N),court
heard,court
ruled,court
appear (in),court
held,court
take obj to,court
took,office
held,office
end,war
declared,war
N+ broke (out),war
fought,war
(for the) simple,reason
(there is) real,reason
(for no) apparent,reason
given a reason,reason
major,reason
sufficient,reason
(for some) unknown,reason
appointed,minister
junior,minister
elected,minister
missing,person
average,person
single,person
disabled,person
elderly,person
authorised,person
practical,terms
general,terms
agreed (to the N),terms
broad,terms
(on) equal,terms
(in) absolute,terms
accept,terms
relative,terms
all,sorts
minimum,period
extended,period
trial,period
limited,period
prolonged,period
considerable,period
maximum,period
modern,society
whole,society
classless,society
high,society
whole,process
involved,process
decision-making,process
continuous,process
complete,process
gradual,process
lengthy,process
single,mother
foster,mother
low,voice
loud,voice
soft,voice
deep,voice
quiet,voice
high,voice
lowered,voice
raised,voice
clear,voice
husky,voice
harsh,voice
hoarse,voice
cracked,voice
sharp,voice
called,police
questioned,police
high,price
retail,price
average,price
low,price
increase,price
expected,price
full,price
fixed,price
reasonable,price
fair,price
put,price
reduced,price
competitive,price
take,action
further,action
call for N,action
immediate,action
strike,action
direct,action
appropriate,action
urgent,action
drastic,action
libel,action
joint,action
remedial,action
big,issue
major,issue
raised (an N),issue
key,issue
sensitive,issue
central,issue
take N,issue
crucial,issue
fundamental,issue
controversial,issue
serious,issue
complex,issue
N was resolved,issue
strong,position
hold,position
difficult,position
marginal,position
dominant,position
placed (in),position
maintain,position
privileged,position
competitive,position
leading,position
strengthen,position
reached,position
low,cost
effective,cost
extra,cost
total,cost
high,cost
cover,cost
estimated,cost
additional,cost
meet,cost
reduced,cost
reasonable,cost
simple,matter
further,matter
serious,matter
referred,matter
raised,matter
resolved,matter
leading,figure
tall,figure
central,figure
high,figure
public,figure
major,figure
low,figure
increase,figure
released,figures
official,figures
leading,figures
public,figures
particular,type
certain,type
common,type
media,type
shows,research
done,research
suggests,research
further,research
carried,research
conducted,research
future,research
further,education
public,education
major,programme
full,programme
launched,programme
extensive,programme
current,programme
completed,programme
run,programme
ambitious,programme
hang,minute
take,minute
hold,minute
full,minute
right,moment
long,moment
paused,moment
took,moment
brief,moment
precise,moment
beautiful,girl
pretty,girl
early,age
golden,age
retirement,age
maternal,age
reached,age
dark,ages
entertainment,centre
(day) care,centre
take,control
lost,control
have,control
complete,control
total,control
gain,control
regain,control
full,control
keep,control
effective,control
direct,control
exercise,control
tight,control
retain,control
strict,control
overall,control
maintain,control
good N (for money),value
great,value
added,value
total,value
real,value
high,value
equal,value
increase,value
full,value
add,value
true,value
estimated,value
critical,value
fair,value
mental,health
poor,health
medical,health
improve,health
made,decision
final,decision
taken,decision
court,decision
announced,decision
conscious,decision
unanimous,decision
follows,decision
reached,decision
support,decision
came,decision
reversed,decision
use,force
military,force
driving,force
peacekeeping,force
excessive,force
full,force
dominant,force
powerful,force
strong,force
armed,force
brute,force
security,forces
joined,forces
opposition,forces
good,condition
serious,condition
medical,condition
critical,condition
stable,condition
excellent,condition
poor,condition
immaculate,condition
sufficient,condition
deteriorated,condition
perfect,condition
weather,conditions
living,conditions
working,conditions
improve,conditions
appalling,conditions
poor,conditions
satisfied (verb),conditions
favourable,conditions
impose,conditions
prevailing,conditions
adverse,conditions
meet,conditions
fulfilled,conditions
printed,paper
previous,section
final,section
separate,section
further,section
treated,patients
main,road
cross,road
busy,road
major,road
line (the N with people),road
league,table
lay the N,table
whole,church
established,church
bear,mind
keep,mind
open (adj),mind
had,mind
crossed,mind
conscious,mind
came (to/into N),mind
dream,team
national,team
winning,team
N + won,team
led,team
beat,team
support + N,team
previous,experience
practical,experience
gain,experience
learning,experience
relevant,experience
working,experience
extensive,experience
past,experience
direct,experience
valuable,experience
sudden,death
accidental,death
caused,death
tragic,death
criminal,act
passed,act
amended,act
make,sense
strong,sense
real,sense
false,sense
true,sense
trained,staff
support,staff
extra,staff
permanent,staff
qualified,staff
experienced,staff
former,student
foreign,language
use,language
speak,language
modern,language
native,language
official,language
early,morning
late,morning
spent,morning
bright,morning
peace,plan
action,plan
radical,plan
approved,plan
strategic,plan
drawn up,plan
adopted,plan
ambitious,plan
prepare,plan
final,product
make,product
launch+ N,product
competitive,product
create,product
capital,city
ancient,city
beautiful,city
common,ground
lost,ground
open,ground
gaining,ground
quick,letter
post,letter
business,letter
resignation,letter
give,evidence
N + suggests,evidence
presented,evidence
hard,evidence
provide,evidence
strong,evidence
N + shows,evidence
sufficient,evidence
conclusive,evidence
considerable,evidence
supporting,evidence
ample,evidence
circumstantial,evidence
insufficient,evidence
growing,evidence
indicate,evidence
set,foot
bare,feet
rose (to her N),feet
bad,boy
small,boy
good,boy
big,boy
win,game
final,game
fresh,food
delicious,food
diet,food
play,role
key,role
leading,role
major,role
active,role
central,role
vital,role
starring,role
crucial,role
take,role
traditional,role
supporting,role
prominent,role
passive,role
essential,role
minor,role
common,practice
private (doctors),practice
medical,practice
classroom,practice
collapsed,bank
strong,support
public,support
provide,support
received,support
family,support
technical,support
giving,support
emotional,support
substantial,support
major,event
unlikely,event
sporting,event
big,event
held,event
annual,event
history,event
final,event
main,building
tall,building
house,building
wide,range
long,range
full,range
offers,range
free,range
broad,range
vast,range
complete,range
early,stage
final,stage
reached,stage
retirement,stage
further,stage
annual,meeting
held,meeting
summit,meeting
emergency,meeting
called,meeting
arranged,meeting
adjourned,meeting
modern,art
contemporary,art
great,art
ancient,art
join,club
exclusive,club
put (someone's N around),arm
upper,arm
grabbed,arm
broken,arm
broke,arm
raised,arm
grasped,arm
family,history
medical,history
single,parent
elderly,parent
foster,parents
adoptive,parents
working,parents
single,parents
housing,land
held,land
open,land
work (verb),land
native,land
farming,land
waste,land
world,trade
foreign,trade
retail,trade
current,situation
present,situation
improve,situation
desperate,situation
remedy,situation
impossible,situation
intolerable,situation
former,teacher
primary (school),teacher
world,record
set the record,record
breaking,record
unbeaten,record
criminal,record
keeping,record
poor,record
impressive,record
held,record
achieved,record
bear,relation
close,relation
visual,field
front,window
back,window
smashed,window
rear,window
taken (into),account
opened,account
make,difference
big,difference
tell,difference
little,difference
see,difference
significant,difference
potential,difference
real,difference
fundamental,difference
marked (adj),difference
showed,difference
raw,material
building,materials
fresh,air
open,air
clean,air
clear,air
breathe,air
thick,air
heavy,air
second,wife
left + N,wife
former,wife
estranged,wife
whole,project
completed,project
complete,project
ambitious,project
run,project
retail,sales
increased,sales
record,sales
rose,sales
annual,sales
boost,sales
total,sales
direct,sales
potential,sales
expected,sales
close,relationship
loving,relationship
special,relationship
working,relationship
lasting,relationship
love,relationship
serious,relationship
direct,relationship
strong,relationship
establish,relationship
developed,relationship
inverse,relationship
causal,relationship
intimate,relationship
to end,relationship
see,relationship
public,relationship
maintain,relationship
bright,light
shed,light
natural,light
low,light
throw,light
switch (on/off),light
turned (on/off),light
strong,light
cast,light
flashing,light
soft,light
cold,light
shining,light
pale,light
full,light
fading,light
flickering,light
clear,light
take,care
medical,care
primary,care
private,care
home,care
nursing,care
provide,care
family,care
domiciliary,care
(as a) general,rule
golden,rule
established,rule
tell,story
true,story
full,story
main,story
real,story
big,story
high,quality
good,quality
top,quality
poor,quality
improve,quality
excellent,quality
air,quality
superb,quality
low,quality
total,quality
increases,tax
gross,tax
human,nature
N+ calls,nature
family,structure
collected,data
suggest,data
support,data
present,data
use,method
payment,method
effective,method
simple,method
alternative,method
traditional,method
adopted,method
applied,method
preferred,method
provide,method
family,unit
hospital,unit
get (into/out of/off the N),bed
lying,bed
double,bed
(four) poster,bed
go,bed
single,bed
make,bed
join,union
rights N,movement
greater,detail
(in) fine,detail
considerable,detail
sufficient,detail
further,detail
further,details
full,details
give,details
provide,details
following (verb),model
developed,model
top,model
running,computer
using,computer
general,hospital
(to be) admitted (to N),hospital
mental,hospital
go,hospital
transferred,hospital
discussed,chapter
previous,chapter
contains,chapter
examines,chapter
preceding,chapter
covered,chapter
training,scheme
launched,scheme
successful,scheme
designed,scheme
devised,scheme
critical,theory
private,property
commercial,property
land,property
owned,property
(to) purchase,property
chief,officer
army,officer
prison,officer
free (of),charge
take,charge
extra,charge
additional,charge
initial,charge
minimum,charge
made,charge
put (in/on),charge
fixed,charge
bank,charges
general,director
film,director
appointed,director
theatre,director
cautious,approach
adopted,approach
taken,approach
alternative,approach
made,approach
fresh,approach
radical,approach
effective,approach
have,chance
get,chance
given,chance
stand a N,chance
take,chance
great,chance
second,chance
little,chance
missed,chance
offered,chance
big,chance
fair,chance
came,chance
reasonable,chance
jumped (at the N),chance
complete,application
made,application
certain,amount
small,amount
enormous,amount
huge,amount
fair,amount
tremendous,amount
large,amount
considerable,amount
minimum,amount
full,amount
reasonable,amount
maximum,amount
substantial,amount
increased,amount
outstanding,amount
eldest,son
baby,son
oldest,son
illegitimate,son
rescue,operation
police,operation
major,operation
successful,operation
performed,operation
underwent,operation
military,operation
emergency,operation
given,opportunity
equal,opportunity
take,opportunity
provide,opportunity
unique,opportunity
golden,opportunity
missed,opportunity
perfect,opportunity
offered,opportunity
rare,opportunity
ideal,opportunity
seize,opportunity
the N presented itself,opportunity
excellent,opportunity
ample,opportunity
real,opportunity
arose,opportunity
opposition,leader
take,look
have,look
quick,look
closer,look
hard,look
gave,look
shot,look
(take a ) fresh N (at),look
increase,production
stage,production
theatre,production
exclusive,picture
complete,picture
taken,picture
shows,picture
clear,picture
overall,picture
N + emerges,picture
accurate,picture
mental,picture
presented,picture
similar,picture
full,picture
major,source
single,source
primary,source
valuable,source
constant,source
principal,source
top,security
maximum,security
increase,security
signed,contract
expires,contract
won,contract
awarded,contract
agreed,contract
binding,contract
terminate,contract
reached,agreement
signed,agreement
peace,agreement
(free) trade,agreement
co-operation,agreement
nodded (in) N,agreement
concluded,agreement
ceasefire,agreement
entered (into),agreement
come,agreement
draft,agreement
mutual,agreement
final,agreement
N + provided (for),agreement
broad,agreement
failed (to reach N),agreement
end,agreement
make,agreement
(in) full,agreement
voluntary,agreement
binding,agreement
common,agreement
complete,agreement
( a + number) acre + N,site
caravan,site
archaeological,site
suitable,site
construction,site
female,labour
temporary,labour
fitness,test
passed,test
final,test
failed,test
have,test
put (to the N),test
take,test
showed,test
pilot,test
standard,test
weight,loss
memory,loss
suffered,loss
hair,loss
caused,loss
total,loss
made N,loss
reported,loss
blood,loss
hearing,loss
great,loss
job,loss
lead (to N),loss
consequential,loss
felt,loss
considerable,loss
cover (the N),loss
substantial,loss
serious,loss
severe,loss
incurred,loss
major,loss
complete,loss
full,colour
add,colour
light,colour
dark,colour
bright,colour
pale,colour
give,colour
high,colour
strong,colour
gift,shop
pet,shop
run,shop
antique,shop
video,shop
high (street),shop
souvenir,shop
housing,benefit
get,benefit
maximum,benefit
marginal,benefit
claim,benefit
receive,benefit
invalidity,benefit
enjoy,benefits
wild,animal
broken,heart
beating,heart
pounding (adj),heart
suffered,heart
stopping,heart
lies (at the N of),heart
thumping,heart
heavy,heart
thudding,heart
general,election
won,election
held,election
following,election
lost,election
fought,election
forthcoming,election
general,elections
national,elections
municipal,elections
serve,purpose
sole,purpose
general,purpose
specific,purpose
primary,purpose
useful,purpose
real,purpose
special,purpose
intended,purpose
dual,purpose
high,standard
poor,standard
set,standard
required,standard
double,standard
reasonable,standard
maintain,standard
meet,standard
improve,standard
low,standard
minimum,standard
acceptable,standard
safety,standards
meet,standards
raise,standards
minimum,standards
former,secretary
private,secretary
appointed,secretary
closing,date
blind,date
set,date
effective,date
due,date
fixed,date
target,date
early,date
agreed,date
played,music
classical,music
live,music
popular,music
traditional,music
loud,music
contemporary,music
make,music
written,music
composed,music
blonde,hair
blond,hair
curly,hair
thick,hair
dyed,hair
facial,hair
fair,hair
cropped,hair
dye,hair
straight,hair
wash,hair
brushed,hair
soft,hair
permed,hair
ginger,hair
auburn,hair
major,factor
key,factor
risk,factor
significant,factor
crucial,factor
determining,factor
contributory,factor
deciding,factor
limiting,factor
time,factor
common,factor
critical,factor
contributing,factor
decisive,factor
vital,factor
N + influencing,factor
cost,factor
human,factor
additional,factor
follow,pattern
set,pattern
established,pattern
regular,pattern
shows,pattern
complex,pattern
common,pattern
repeated,pattern
house,front
early,evening
late,evening
spent,evening
civilian,population
large,population
entire,population
total,population
whole,population
overall,population
processing,plant
reprocessing,plant
put N on,pressure
high,pressure
increasing,pressure
(peer) group,pressure
intense,pressure
enormous,pressure
growing,pressure
low,pressure
applied,pressure
came (under N),pressure
considerable,pressure
exerted,pressure
take N off,pressure
strong,pressure
constant,pressure
heavy,pressure
severe,pressure
immediate,response
positive,response
sexual,response
public,response
initial,response
poor,response
emotional,response
given,response
rapid,response
quick,response
side,street
walking (up/down the N),street
busy,street
strong,performance
poor,performance
improve,performance
outstanding,performance
live,performance
impressive,performance
give,performance
common,knowledge
prior,knowledge
acquired,knowledge
required,knowledge
background,knowledge
expert,knowledge
N + gained,knowledge
full,knowledge
working,knowledge
special,knowledge
true,knowledge
professional,knowledge
intimate,knowledge
specific,knowledge
wide,knowledge
interior,design
garden,design
original,design
art,design
research,design
blank,page
turn,page
printed,page
(on the) opposite,page
previous,page
spend (the),rest
have,rest
get,rest
take,rest
give,rest
regular,basis
daily,basis
(on a) day(-to-day),basis
form,basis
weekly,basis
individual,basis
provide,basis
permanent,basis
annual,basis
temporary,basis
voluntary,basis
monthly,basis
firm,basis
casual,basis
small,size
full,size
large,size
fits,size
increase,size
half (the N),size
standard,size
average,size
medium,size
reduce,size
natural,environment
protect,environment
safe,environment
work,environment
home,environment
damage,environment
improve,environment
stable,environment
hostile,environment
healthy,environment
opened N on,fire
set N to / obj on N,fire
caught,fire
friendly,fire
started,fire
(fire) burning,fire
N + broke (out),fire
light (verb),fire
caused,fire
make,fire
spread,fire
control,fire
whole,series
drama,series
comedy,series
documentary,series
produced,series
launched,series
final,series
successful,series
present,series
runs,series
huge,success
achieved,success
enjoyed,success
make,success
considerable,success
major,success
ensure,success
early,success
guarantee,success
relative,success
continuing,success
outstanding,success
likely,success
immediate,success
spare (a N),thought
given,thought
bear,thought
( a N )struck,thought
(a N) occurred,thought
deep,thought
careful,thought
N came (to me/mind),thought
serious,thought
conscious,thought
modern,thought
on second,thoughts
interrupted,thoughts
long,list
full,list
make,list
complete,list
drawn (up),list
compiled,list
near,future
foreseeable,future
bright,future
uncertain,future
secure (verb),future
immediate,future
(N) holds,future
discuss,future
distant,future
(N+) lies,future
long-term,future
face,future
bleak,future
detailed,analysis
data N,analysis
showed,analysis
provide,analysis
performed,analysis
carried,analysis
suggests,analysis
careful,analysis
full,analysis
(a) developed,analysis
storage,space
open,space
parking,space
limited,space
living,space
extra,space
empty,space
little,space
use,space
free,space
watching,tv
live,tv
colour,tv
meet,demand
increase,demand
huge,demand
consumer's,demand
strong,demand
high,demand
growing,demand
made,demand
satisfy + N,demand
reduce,demand
issued,statement
N + said,statement
made,statement
joint,statement
monthly,statement
released,statement
pay,attention
draw,attention
turned,attention
focused,attention
attract,attention
media,attention
special,attention
medical,attention
public,attention
particular,attention
close,attention
brought,attention
given,attention
caught,attention
divert,attention
received,attention
N is/should be directed,attention
full,attention
careful,attention
considerable,attention
serious,attention
concentrated,attention
distract,attention
hold,attention
constant,attention
urgent,attention
making,love
fall,love
true,love
real,love
young,love
passionate,love
wonderful,love
general,principle
basic,principle
fundamental,principle
established,principle
underlying,principle
basic,principles
general,principles
fundamental,principles
apply,principles
underlying,principles
established,principles
guiding,principles
broad,principles
complete,set
full,set
whole,set
standard,set
single,set
see,doctor
hospital,doctor
consult,doctor
medical,doctor
went,doctor
called,doctor
local,doctor
visit,doctor
examined,doctor
have,choice
make,choice
wide,choice
given,choice
offer,choice
obvious,choice
personal,choice
free,choice
consumer,choice
limited,choice
possible,choice
natural,choice
informed,choice
regular,feature
striking,feature
distinctive,feature
major,feature
particular,feature
prominent,feature
attractive,feature
significant,feature
characteristic,feature
notable,feature
unusual,feature
unique,feature
dominant,feature
happy,couple
elderly,couple
take,step
further,step
big,step
major,step
unusual,step
positive,step
necessary,step
significant,step
essential,step
use,machine
low,income
annual,income
high,income
current,income
disposable,income
family,income
taxable,income
average,income
guaranteed,income
fixed,income
regular,income
national,income
paid,income
gross,income
extra,income
additional,income
(to) supplement,income
job,training
youth,training
teacher,training
vocational,training
professional,training
staff,training
military,training
management,training
provide,training
formal,training
intensive,training
further,training
college,training
do (some),training
in-service,training
initial,training
given,training
quality,training
received,training
business,training
full,training
making,film
directed,film
make,effort
put,effort
relief,effort
concerted,effort
required,effort
considerable,effort
involved,effort
conscious,effort
major,effort
ensure,effort
extra,effort
joint,effort
minimum,effort
tremendous,effort
former,player
outstanding,player
won,award
presented,award
received,award
given,award
prestigious,award
fishing,village
pretty,village
situated,village
picturesque,village
quiet,village
deserted,village
attractive,village
good,news
radio,news
national,news
world,news
bad,news
told,news
daily,news
brief,news
today,news
latest,news
broke (the N to),news
television,news
heard,news
tonight,news
N + reached,news
spread,news
have,difficulty
considerable,difficulty
overcome,difficulty
increasing,difficulty
prison,cell
saving,energy
low,energy
high,energy
renewable,energy
waste,energy
supply,energy
alternative,energy
reduce,energy
(to a) greater,degree
high,degree
(to a) certain,degree
joint,degree
considerable,degree
lesser,degree
honorary,degree
awarded,degree
remarkable,degree
obtained,degree
provide,means
effective,means
use,means
possible,means
alternative,means
private,means
necessary,means
rapid,growth
strong,growth
potential,growth
employment,growth
personal,growth
high,growth
slow,growth
continued,growth
major,growth
overall,growth
unemployment,growth
have,treatment
medical,treatment
hospital,treatment
further,treatment
require,treatment
receiving,treatment
drug,treatment
given,treatment
emergency,treatment
effective,treatment
preferential,treatment
prescribed,treatment
surgical,treatment
undergoing,treatment
following,treatment
heard,sound
poor,sound
made,sound
loud,sound
distant,sound
turned (down/up/off),sound
soft,sound
deep,sound
produce,sound
impossible,task
daunting,task
simple,task
tough,task
set (himself),task
perform,task
take (on/over),task
carry out,task
completed (verb),task
faced,task
undertake,task
formidable,task
hard,task
made,provision
adequate,provision
bad,behaviour
good,behaviour
learned,behaviour
responsible,behaviour
disruptive,behaviour
perform,function
primary,function
brain,function
fufil,function
human,resource
valuable,resource
natural,resource
natural,resources
human,resources
available,resources
limited,resources
energy,resources
required,resources
existing,resources
increase,resources
made,defence
back,garden
vegetable,garden
secret,garden
front,garden
walled,garden
herb,garden
flower,garden
rose,garden
do,garden
rear,garden
pretty,garden
attractive,garden
top,floor
upper,floor
reach,floor
new,technology
latest,technology
advanced,technology
using,technology
developed,technology
traditional,style
classic,style
unique,style
adopt,style
get,feeling
strong,feeling
general,feeling
strange,feeling
gave,feeling
bad,feeling
sinking,feeling
deep,feeling
gut,feeling
growing,feeling
experienced,feeling
cast,doubt
reasonable,doubt
put (in/beyond),doubt
serious,doubt
leave (no/little),doubt
riding,horse
simple,answer
give,answer
lies,answer
get,answer
right,answer
provide,answer
correct,answer
obvious,answer
clear,answer
wrong,answer
straight,answer
satisfactory,answer
allows,user
raise,funds
central,character
main,character
great,character
strong,character
distinctive,character
high,risk
reduce,risk
take,risk
increased,risk
run,risk
put,risk
serious,risk
potential,risk
involved,risk
significant,risk
minimise,risk
grave,risk
walking (a N),dog
pet,dog
joined,army
radio,station
tv,station
broken,glass
wearing,glasses
win,cup
make (a N of),cup
played,cup
nice N of tea,cup
estranged,husband
N + left,husband
former,husband
lost,husband
second,husband
foreign,capital
current,capital
major,capital
take,note
made (a mental),note
left,note
mental,note
delivery,note
start,season
put (forward),argument
further,argument
cited,argument
additional,argument
strong,argument
made,argument
rejected,argument
support,argument
accept,argument
logical,argument
presented,argument
convincing,argument
powerful,argument
put (on a N),show
live,show
quiz,show
open,show
go (on N),show
held,show
run,show
annual,show
take,responsibility
accept,responsibility
personal,responsibility
full,responsibility
moral,responsibility
assume,responsibility
given,responsibility
great,deal
good,deal
peace,deal
struck,deal
signed,deal
fair,deal
agreed,deal
get,deal
make,deal
slowing,economy
planned,economy
boost,economy
strong,economy
key,element
essential,element
strong,element
major,element
significant,element
heavy,duty
made,attempt
serious,attempt
desperate,attempt
failed (+ N),attempt
deliberate,attempt
unsuccessful,attempt
vain,attempt
foreign,investment
capital,investment
business,investment
made,investment
increase,investment
major,investment
direct,investment
attract,investment
massive,investment
younger,brother
older,brother
elder,brother
big,brother
little,brother
world,title
won,title
national,title
defend,title
retain,title
full,title
took,title
luxury,hotel
stay,hotel
(family-) run,hotel
comfortable,hotel
family,hotel
elegant,hotel
booked,hotel
particular,aspect
further,aspect
huge,increase
significant,increase
substantial,increase
marked,increase
large,increase
real,increase
dramatic,increase
massive,increase
small,increase
further,increase
rapid,increase
sharp,increase
considerable,increase
caused,increase
major,increase
modest,increase
big,increase
seek,help
professional,help
great,help
provide,help
give,help
offers,help
medical,help
receive,help
call (for),help
appealed (for),help
domestic,help
require,help
late,summer
spent,summer
early,summer
dry,summer
full,summer
eldest,daughter
youngest,daughter
only,daughter
expecting,baby
unborn,baby
lost,baby
open,sea
calm,sea
required,skill
considerable,skill
make,claim
rejected,claim
compensation (claim),claim
unfair,claim
expressed,concern
cause,concern
growing,concern
major,concern
public,concern
deep,concern
real,concern
increasing,concern
considerable,concern
voiced,concern
open,discussion
further,discussion
considerable,discussion
major,discussion
particular,customer
gift,box
(tick the) appropriate N,box
peace,conference
party,conference
told,conference
annual,conference
called,conference
planned,conference
hold,conference
major,conference
opened,conference
net,profit
make,profit
increase,profit
gross,profit
small,profit
top,division
made,division
major,division
followed,procedure
standard,procedure
using,procedure
normal,procedure
adopted,procedure
complaints + N,procedure
crowned,king
late,king
appointed,king
public,image
improve,image
clean (up),image
presented,image
virgin,oil
cooking,oil
causal,circumstance
certain,circumstances
(in/under) normal,circumstances
surrounding,circumstances
exceptional,circumstances
changing,circumstances
personal,circumstances
suspicious,circumstances
unusual,circumstances
causal,circumstances
extreme,circumstances
favourable,circumstances
rejected,proposal
made,proposal
accepted,proposal
original,proposal
approved,proposal
voluntary,sector
(in the) right,direction
opposite,direction
(in the) wrong,direction
future,direction
reverse,direction
(a) good,sign
shows,sign
little,sign
gave,sign
(a) sure,sign
visible,sign
made (a/no N),sign
(in) large,measure
temporary,measure
(in) small,measure
(in) equal,measure
give,measure
provide,measure
(in) full,measure
adopted,attitude
right,attitude
chronic,disease
cause,disease
transmitted,disease
severe,disease
serious,disease
set (up) + N,commission
appointed + N,commission
N + established,commission
take,commission
back,seat
front,seat
passenger,seat
take,seat
rear,seat
driver's,seat
driving,seat
parliamentary,seat
marginal,seat
former,president
elected,president
re-elected,president
scored,goal
(the) winning N,goal
early,goal
ultimate,goal
achieve,goal
N + disallowed,goal
whole,affair
state,affairs
current,affairs
using,technique
developed,technique
useful,technique
applied,technique
simple,technique
effective,technique
employed,technique
mutual,respect
great,respect
due,respect
earned,respect
pay,respects
news,item
film,version
original,version
final,version
current,version
launched,version
develop,ability
limited,ability
do,good
public,good
common,good
manufactured,goods
deliver,goods
election,campaign
launched,campaign
bombing,campaign
run,campaign
media,campaign
mounted,campaign
fought,campaign
waged,campaign
conducted,campaign
give,advice
seek,advice
expert,advice
free,advice
offer,advice
professional,advice
practical,advice
take,advice
provide,advice
sound,advice
further,advice
followed,advice
former,pupil
take,advantage
full,advantage
great,advantage
(to the) best,advantage
added,advantage
gain,advantage
unfair,advantage
give,advantage
big,advantage
major,advantage
significant,advantage
distinct,advantage
special,advantage
additional,advantage
short-term,memory
stored,memory
long,memory
used,memory
working,memory
short,memory
visual,memory
long-term,memory
recent,memory
childhood,memories
brought (back),memories
happy,memories
past,memories
fond,memories
vivid,memories
old,memories
long,memories
popular,culture
western,culture
dominant,culture
traditional,culture
infected,blood
give,blood
